{"cameraMode":{"drawMode":0,"name":"Shaded","section":"Shading Mode"},"sceneLighting":true,"audioPlay":false,"sceneViewState":{"showFog":true,"showMaterialUpdate":false,"showSkybox":true,"showFlares":true,"showImageEffects":true,"showParticleSystems":true},"in2DMode":false,"pivot":{"x":-38.15999984741211,"y":2.4800000190734865,"z":-38.54999923706055},"rotation":{"x":-0.29878202080726626,"y":0.20321565866470338,"z":-0.06527704000473023,"w":-0.930146336555481},"size":188.99595642089845,"orthographic":false}